event_time,event_name,event_source,source_ip,user_identity,region,error_code,is_anomaly
2025-11-01T00:46:46Z,AssumeRoleWithSAML,sts.amazonaws.com,203.0.113.42,arn:aws:iam::123456789012:user/test-admin,us-west-2,,1
2025-11-01T04:32:31Z,DeleteBucket,s3.amazonaws.com,203.0.113.42,arn:aws:iam::123456789012:user/developer-carol,us-west-2,,1
2025-11-01T09:42:14Z,Query,dynamodb.amazonaws.com,10.0.1.22,arn:aws:iam::123456789012:user/ops-dave,us-east-1,,0
2025-11-01T10:59:24Z,HeadObject,s3.amazonaws.com,10.0.2.45,arn:aws:iam::123456789012:user/analyst-frank,us-west-2,,0
2025-11-01T11:15:47Z,AssumeRole,sts.amazonaws.com,54.239.28.85,arn:aws:iam::123456789012:role/lambda-execution-role,ap-southeast-1,,0
2025-11-01T11:48:10Z,AssumeRoleWithSAML,sts.amazonaws.com,104.248.50.87,arn:aws:iam::123456789012:role/ecs-task-role,us-east-1,AccessDenied,1
2025-11-01T12:45:41Z,DescribeAlarms,cloudwatch.amazonaws.com,10.0.3.19,arn:aws:iam::123456789012:user/ops-dave,ap-southeast-1,ThrottlingException,0
2025-11-01T12:52:02Z,Query,dynamodb.amazonaws.com,10.0.3.19,arn:aws:iam::123456789012:user/ops-erin,us-east-1,,0
2025-11-01T13:09:13Z,Query,dynamodb.amazonaws.com,10.0.1.22,arn:aws:iam::123456789012:user/developer-bob,ap-southeast-1,,0
2025-11-01T13:29:40Z,Query,dynamodb.amazonaws.com,10.0.1.33,arn:aws:iam::123456789012:user/analyst-frank,eu-west-1,,0
2025-11-01T13:44:59Z,DescribeAlarms,cloudwatch.amazonaws.com,10.0.1.22,arn:aws:iam::123456789012:user/developer-carol,us-west-2,,0
2025-11-01T13:51:55Z,GetBucketLocation,s3.amazonaws.com,192.168.1.100,arn:aws:iam::123456789012:user/developer-carol,ap-southeast-1,,0
2025-11-01T14:13:41Z,GetFunction,lambda.amazonaws.com,192.168.1.102,arn:aws:iam::123456789012:role/ecs-task-role,us-west-2,,0
2025-11-01T14:54:22Z,AssumeRole,sts.amazonaws.com,192.168.1.100,arn:aws:iam::123456789012:user/developer-alice,ap-southeast-1,,0
2025-11-01T16:24:17Z,DescribeAlarms,cloudwatch.amazonaws.com,172.16.0.12,arn:aws:iam::123456789012:user/ops-dave,eu-west-1,,0
2025-11-01T17:48:17Z,Query,dynamodb.amazonaws.com,10.0.1.22,arn:aws:iam::123456789012:user/ops-erin,ap-southeast-1,,0
2025-11-01T19:04:25Z,AddPermission,lambda.amazonaws.com,45.33.32.156,arn:aws:iam::123456789012:root,us-east-1,,1
2025-11-02T09:03:37Z,Invoke,lambda.amazonaws.com,192.168.1.102,arn:aws:iam::123456789012:role/ci-cd-pipeline-role,us-west-2,,0
2025-11-02T10:03:25Z,ListMetrics,cloudwatch.amazonaws.com,192.168.1.100,arn:aws:iam::123456789012:user/developer-bob,us-west-2,,0
2025-11-02T10:05:46Z,ListFunctions,lambda.amazonaws.com,192.168.1.100,arn:aws:iam::123456789012:role/ci-cd-pipeline-role,us-west-2,,0
2025-11-02T10:06:42Z,GetFunction,lambda.amazonaws.com,10.0.3.19,arn:aws:iam::123456789012:role/lambda-execution-role,ap-southeast-1,,0
2025-11-02T10:28:51Z,DescribeTable,dynamodb.amazonaws.com,10.0.1.22,arn:aws:iam::123456789012:user/developer-alice,us-east-1,,0
2025-11-02T11:46:59Z,AssumeRole,sts.amazonaws.com,10.0.2.10,arn:aws:iam::123456789012:role/ecs-task-role,ap-southeast-1,,0
2025-11-02T12:00:04Z,DescribeAlarms,cloudwatch.amazonaws.com,10.0.1.15,arn:aws:iam::123456789012:user/ops-dave,us-east-1,,0
2025-11-02T12:10:26Z,GetFunction,lambda.amazonaws.com,10.0.2.10,arn:aws:iam::123456789012:role/lambda-execution-role,us-east-1,,0
2025-11-02T12:18:13Z,HeadObject,s3.amazonaws.com,54.239.28.85,arn:aws:iam::123456789012:role/ci-cd-pipeline-role,us-east-1,,0
2025-11-02T12:34:28Z,ListRoles,iam.amazonaws.com,10.0.1.33,arn:aws:iam::123456789012:user/ops-erin,ap-southeast-1,,0
2025-11-02T12:45:19Z,Invoke,lambda.amazonaws.com,52.94.76.10,arn:aws:iam::123456789012:user/analyst-frank,ap-southeast-1,,0
2025-11-02T14:04:32Z,GetRole,iam.amazonaws.com,52.94.76.10,arn:aws:iam::123456789012:role/ecs-task-role,us-west-2,,0
2025-11-02T14:56:53Z,Query,dynamodb.amazonaws.com,10.0.2.10,arn:aws:iam::123456789012:user/developer-alice,us-west-2,ThrottlingException,0
2025-11-02T15:00:24Z,DescribeSubnets,ec2.amazonaws.com,10.0.2.45,arn:aws:iam::123456789012:role/lambda-execution-role,ap-southeast-1,,0
2025-11-02T16:07:15Z,GetUser,iam.amazonaws.com,10.0.3.8,arn:aws:iam::123456789012:user/developer-alice,us-west-2,ThrottlingException,0
2025-11-02T16:35:10Z,DescribeImages,ec2.amazonaws.com,192.168.1.101,arn:aws:iam::123456789012:role/lambda-execution-role,us-west-2,,0
2025-11-02T17:05:54Z,GetUser,iam.amazonaws.com,172.16.1.7,arn:aws:iam::123456789012:user/developer-bob,us-west-2,,0
2025-11-03T03:34:02Z,Query,dynamodb.amazonaws.com,185.220.101.33,arn:aws:iam::123456789012:role/ci-cd-pipeline-role,us-west-2,AccessDenied,1
2025-11-03T09:05:40Z,GetFunction,lambda.amazonaws.com,10.0.1.15,arn:aws:iam::123456789012:user/developer-alice,eu-west-1,,0
2025-11-03T10:22:49Z,AssumeRole,sts.amazonaws.com,172.16.1.7,arn:aws:iam::123456789012:user/developer-carol,us-west-2,,0
2025-11-03T10:24:55Z,GetBucketLocation,s3.amazonaws.com,172.16.0.5,arn:aws:iam::123456789012:user/ops-dave,us-west-2,,0
2025-11-03T10:56:36Z,GetPolicy,iam.amazonaws.com,172.16.1.7,arn:aws:iam::123456789012:user/developer-alice,us-east-1,,0
2025-11-03T11:02:19Z,DescribeInstances,ec2.amazonaws.com,192.168.1.102,arn:aws:iam::123456789012:user/analyst-frank,us-west-2,,0
2025-11-03T11:16:07Z,CopyObject,s3.amazonaws.com,172.16.0.12,arn:aws:iam::123456789012:user/developer-carol,eu-west-1,,0
2025-11-03T12:45:21Z,ListPolicies,iam.amazonaws.com,52.94.76.10,arn:aws:iam::123456789012:user/ops-erin,ap-southeast-1,,0
2025-11-03T13:01:11Z,ModifyInstanceAttribute,ec2.amazonaws.com,185.220.101.33,arn:aws:iam::123456789012:user/ops-erin,us-west-2,,1
2025-11-03T13:10:47Z,Invoke,lambda.amazonaws.com,54.239.28.85,arn:aws:iam::123456789012:role/lambda-execution-role,us-east-1,,0
2025-11-03T13:39:51Z,DescribeAlarms,cloudwatch.amazonaws.com,10.0.1.15,arn:aws:iam::123456789012:role/ci-cd-pipeline-role,eu-west-1,,0
2025-11-03T14:19:52Z,PutItem,dynamodb.amazonaws.com,10.0.2.10,arn:aws:iam::123456789012:user/developer-alice,us-west-2,,0
2025-11-03T14:56:04Z,GetRole,iam.amazonaws.com,10.0.2.45,arn:aws:iam::123456789012:user/developer-carol,ap-southeast-1,,0
2025-11-03T15:08:42Z,ListMetrics,cloudwatch.amazonaws.com,172.16.0.5,arn:aws:iam::123456789012:user/analyst-frank,us-east-1,,0
2025-11-03T16:39:36Z,GetObject,s3.amazonaws.com,172.16.0.12,arn:aws:iam::123456789012:user/ops-dave,eu-west-1,,0
2025-11-03T17:20:59Z,DescribeSecurityGroups,ec2.amazonaws.com,52.94.76.10,arn:aws:iam::123456789012:user/analyst-frank,us-west-2,,0
2025-11-04T08:19:18Z,AttachRolePolicy,iam.amazonaws.com,104.248.50.87,arn:aws:iam::123456789012:role/ecs-task-role,me-south-1,AccessDenied,1
2025-11-04T09:45:27Z,HeadObject,s3.amazonaws.com,192.168.1.102,arn:aws:iam::123456789012:role/ci-cd-pipeline-role,us-west-2,,0
2025-11-04T10:49:27Z,ListUsers,iam.amazonaws.com,192.168.1.100,arn:aws:iam::123456789012:role/ci-cd-pipeline-role,ap-southeast-1,,0
2025-11-04T11:01:02Z,ListRoles,iam.amazonaws.com,172.16.1.7,arn:aws:iam::123456789012:user/developer-bob,ap-southeast-1,,0
2025-11-04T12:32:30Z,PutItem,dynamodb.amazonaws.com,52.94.76.10,arn:aws:iam::123456789012:user/developer-bob,eu-west-1,,0
2025-11-04T12:45:44Z,GetFunction,lambda.amazonaws.com,10.0.3.19,arn:aws:iam::123456789012:user/ops-dave,us-west-2,,0
2025-11-04T13:42:26Z,DescribeSubnets,ec2.amazonaws.com,54.239.28.85,arn:aws:iam::123456789012:user/ops-erin,us-west-2,,0
2025-11-04T14:01:07Z,DescribeSecurityGroups,ec2.amazonaws.com,172.16.1.7,arn:aws:iam::123456789012:user/ops-erin,us-east-1,,0
2025-11-04T14:05:52Z,PutItem,dynamodb.amazonaws.com,52.94.76.10,arn:aws:iam::123456789012:user/ops-erin,us-west-2,,0
2025-11-04T14:17:55Z,GetBucketLocation,s3.amazonaws.com,10.0.2.45,arn:aws:iam::123456789012:user/analyst-frank,ap-southeast-1,,0
2025-11-04T14:22:46Z,ModifyInstanceAttribute,ec2.amazonaws.com,203.0.113.42,arn:aws:iam::123456789012:role/lambda-execution-role,sa-east-1,AccessDenied,1
2025-11-04T15:04:42Z,DescribeImages,ec2.amazonaws.com,10.0.3.8,arn:aws:iam::123456789012:user/developer-bob,eu-west-1,,0
2025-11-04T15:42:24Z,DescribeAlarms,cloudwatch.amazonaws.com,192.168.1.102,arn:aws:iam::123456789012:user/developer-carol,eu-west-1,,0
2025-11-04T16:57:10Z,ListMetrics,cloudwatch.amazonaws.com,172.16.0.5,arn:aws:iam::123456789012:user/ops-erin,us-west-2,,0
2025-11-04T17:15:58Z,GetItem,dynamodb.amazonaws.com,172.16.0.5,arn:aws:iam::123456789012:user/developer-carol,ap-southeast-1,,0
2025-11-04T17:31:40Z,GetRole,iam.amazonaws.com,172.16.0.5,arn:aws:iam::123456789012:user/developer-bob,eu-west-1,,0
2025-11-04T17:38:20Z,Scan,dynamodb.amazonaws.com,172.16.1.7,arn:aws:iam::123456789012:role/ci-cd-pipeline-role,ap-southeast-1,,0
2025-11-05T08:27:31Z,DeleteObject,s3.amazonaws.com,104.248.50.87,arn:aws:iam::123456789012:user/temp-contractor-99,ap-southeast-1,,1
2025-11-05T09:05:41Z,ListFunctions,lambda.amazonaws.com,192.168.1.101,arn:aws:iam::123456789012:role/ecs-task-role,us-west-2,,0
2025-11-05T09:13:53Z,GetFunction,lambda.amazonaws.com,192.168.1.102,arn:aws:iam::123456789012:user/developer-alice,ap-southeast-1,,0
2025-11-05T09:22:19Z,Scan,dynamodb.amazonaws.com,192.168.1.101,arn:aws:iam::123456789012:role/lambda-execution-role,us-west-2,,0
2025-11-05T09:22:34Z,Invoke,lambda.amazonaws.com,10.0.3.8,arn:aws:iam::123456789012:user/developer-bob,eu-west-1,,0
2025-11-05T09:39:09Z,ListUsers,iam.amazonaws.com,172.16.0.5,arn:aws:iam::123456789012:user/developer-bob,us-west-2,,0
2025-11-05T10:37:01Z,DescribeImages,ec2.amazonaws.com,52.94.76.10,arn:aws:iam::123456789012:role/lambda-execution-role,ap-southeast-1,,0
2025-11-05T10:37:44Z,PutItem,dynamodb.amazonaws.com,10.0.1.22,arn:aws:iam::123456789012:user/ops-erin,us-east-1,ThrottlingException,0
2025-11-05T11:45:13Z,ListObjects,s3.amazonaws.com,10.0.3.19,arn:aws:iam::123456789012:user/analyst-frank,ap-southeast-1,,0
2025-11-05T11:46:33Z,ListMetrics,cloudwatch.amazonaws.com,172.16.1.7,arn:aws:iam::123456789012:role/ci-cd-pipeline-role,ap-southeast-1,,0
2025-11-05T11:53:29Z,GetPolicy,iam.amazonaws.com,172.16.0.12,arn:aws:iam::123456789012:user/developer-alice,ap-southeast-1,ThrottlingException,0
2025-11-05T12:41:04Z,GetItem,dynamodb.amazonaws.com,192.168.1.100,arn:aws:iam::123456789012:user/developer-alice,us-west-2,,0
2025-11-05T13:21:20Z,GetCallerIdentity,sts.amazonaws.com,10.0.1.33,arn:aws:iam::123456789012:user/developer-carol,us-west-2,,0
2025-11-05T13:24:20Z,ListRoles,iam.amazonaws.com,10.0.3.8,arn:aws:iam::123456789012:user/analyst-frank,ap-southeast-1,,0
2025-11-05T13:49:23Z,GetPolicy,iam.amazonaws.com,172.16.1.7,arn:aws:iam::123456789012:user/developer-bob,us-west-2,,0
2025-11-05T15:16:53Z,ListObjects,s3.amazonaws.com,10.0.1.15,arn:aws:iam::123456789012:role/ci-cd-pipeline-role,us-east-1,,0
2025-11-05T15:52:31Z,ListObjects,s3.amazonaws.com,10.0.3.8,arn:aws:iam::123456789012:role/ecs-task-role,us-west-2,,0
2025-11-06T10:52:04Z,GetFunction,lambda.amazonaws.com,10.0.1.22,arn:aws:iam::123456789012:user/developer-alice,us-west-2,,0
2025-11-06T11:19:00Z,DescribeAlarms,cloudwatch.amazonaws.com,10.0.1.33,arn:aws:iam::123456789012:user/ops-erin,us-east-1,,0
2025-11-06T12:46:26Z,Invoke,lambda.amazonaws.com,192.168.1.100,arn:aws:iam::123456789012:user/ops-dave,ap-southeast-1,,0
2025-11-06T13:05:15Z,HeadObject,s3.amazonaws.com,192.168.1.100,arn:aws:iam::123456789012:role/lambda-execution-role,us-west-2,,0
2025-11-06T13:30:30Z,GetFunction,lambda.amazonaws.com,10.0.1.33,arn:aws:iam::123456789012:user/developer-alice,eu-west-1,,0
2025-11-06T13:56:38Z,ListMetrics,cloudwatch.amazonaws.com,172.16.0.12,arn:aws:iam::123456789012:user/developer-alice,us-west-2,,0
2025-11-06T14:30:35Z,AssumeRole,sts.amazonaws.com,10.0.3.19,arn:aws:iam::123456789012:role/ci-cd-pipeline-role,eu-west-1,,0
2025-11-06T15:28:58Z,GetFunction,lambda.amazonaws.com,192.168.1.101,arn:aws:iam::123456789012:role/lambda-execution-role,eu-west-1,ThrottlingException,0
2025-11-06T15:52:46Z,AssumeRole,sts.amazonaws.com,10.0.3.8,arn:aws:iam::123456789012:user/ops-dave,us-east-1,,0
2025-11-06T16:15:48Z,Invoke,lambda.amazonaws.com,172.16.1.7,arn:aws:iam::123456789012:role/lambda-execution-role,eu-west-1,,0
2025-11-06T16:17:19Z,DescribeSecurityGroups,ec2.amazonaws.com,10.0.1.22,arn:aws:iam::123456789012:user/ops-dave,eu-west-1,,0
2025-11-06T16:50:01Z,ListBuckets,s3.amazonaws.com,10.0.2.10,arn:aws:iam::123456789012:role/lambda-execution-role,us-west-2,,0
2025-11-06T16:54:20Z,ListRoles,iam.amazonaws.com,10.0.2.10,arn:aws:iam::123456789012:user/analyst-frank,eu-west-1,,0
2025-11-06T17:18:44Z,ListPolicies,iam.amazonaws.com,192.168.1.101,arn:aws:iam::123456789012:role/ecs-task-role,us-east-1,,0
2025-11-06T17:38:18Z,GetBucketLocation,s3.amazonaws.com,10.0.2.10,arn:aws:iam::123456789012:user/ops-erin,us-west-2,,0
2025-11-06T17:48:44Z,ListUsers,iam.amazonaws.com,10.0.2.10,arn:aws:iam::123456789012:role/ecs-task-role,eu-west-1,ThrottlingException,0
2025-11-07T08:35:08Z,ModifyInstanceAttribute,ec2.amazonaws.com,139.59.100.22,arn:aws:iam::123456789012:user/developer-bob,us-east-1,,1
2025-11-07T09:39:47Z,GetBucketLocation,s3.amazonaws.com,10.0.2.10,arn:aws:iam::123456789012:user/ops-dave,eu-west-1,,0
2025-11-07T09:48:48Z,ListRoles,iam.amazonaws.com,172.16.0.12,arn:aws:iam::123456789012:role/ecs-task-role,eu-west-1,,0
2025-11-07T11:15:11Z,GetCallerIdentity,sts.amazonaws.com,10.0.1.33,arn:aws:iam::123456789012:user/developer-alice,ap-southeast-1,,0
2025-11-07T11:50:19Z,AssumeRole,sts.amazonaws.com,172.16.0.5,arn:aws:iam::123456789012:user/developer-bob,ap-southeast-1,,0
2025-11-07T12:45:10Z,DescribeImages,ec2.amazonaws.com,10.0.1.15,arn:aws:iam::123456789012:role/ci-cd-pipeline-role,ap-southeast-1,,0
2025-11-07T12:52:48Z,CreateRole,iam.amazonaws.com,203.0.113.42,arn:aws:iam::123456789012:root,sa-east-1,,1
2025-11-07T12:53:58Z,ListObjects,s3.amazonaws.com,10.0.1.22,arn:aws:iam::123456789012:user/developer-carol,ap-southeast-1,,0
2025-11-07T12:59:16Z,DescribeTable,dynamodb.amazonaws.com,52.94.76.10,arn:aws:iam::123456789012:user/ops-dave,ap-southeast-1,,0
2025-11-07T13:20:07Z,Scan,dynamodb.amazonaws.com,192.168.1.101,arn:aws:iam::123456789012:role/ci-cd-pipeline-role,us-east-1,,0
2025-11-07T14:38:16Z,GetObject,s3.amazonaws.com,10.0.2.10,arn:aws:iam::123456789012:user/developer-alice,eu-west-1,ThrottlingException,0
2025-11-07T14:42:06Z,PutItem,dynamodb.amazonaws.com,10.0.3.8,arn:aws:iam::123456789012:role/lambda-execution-role,ap-southeast-1,,0
2025-11-07T15:17:32Z,AssumeRole,sts.amazonaws.com,172.16.0.5,arn:aws:iam::123456789012:user/developer-bob,us-east-1,,0
2025-11-07T15:40:52Z,ListFunctions,lambda.amazonaws.com,172.16.0.5,arn:aws:iam::123456789012:user/analyst-frank,ap-southeast-1,,0
2025-11-07T16:18:02Z,GetRole,iam.amazonaws.com,54.239.28.85,arn:aws:iam::123456789012:user/ops-erin,ap-southeast-1,,0
2025-11-07T16:26:03Z,GetPolicy,iam.amazonaws.com,10.0.3.8,arn:aws:iam::123456789012:role/ecs-task-role,ap-southeast-1,,0
2025-11-07T17:14:41Z,GetRole,iam.amazonaws.com,192.168.1.101,arn:aws:iam::123456789012:user/developer-carol,us-east-1,,0
2025-11-08T04:26:55Z,AttachUserPolicy,iam.amazonaws.com,139.59.100.22,arn:aws:iam::123456789012:root,ap-northeast-3,,1
2025-11-08T09:20:50Z,ListBuckets,s3.amazonaws.com,10.0.3.8,arn:aws:iam::123456789012:user/analyst-frank,ap-southeast-1,,0
2025-11-08T10:27:06Z,GetItem,dynamodb.amazonaws.com,172.16.0.5,arn:aws:iam::123456789012:user/developer-carol,eu-west-1,,0
2025-11-08T11:04:28Z,DescribeImages,ec2.amazonaws.com,10.0.2.45,arn:aws:iam::123456789012:role/lambda-execution-role,eu-west-1,,0
2025-11-08T11:24:12Z,GetCallerIdentity,sts.amazonaws.com,192.168.1.101,arn:aws:iam::123456789012:user/developer-bob,eu-west-1,,0
2025-11-08T12:33:26Z,GetCallerIdentity,sts.amazonaws.com,10.0.1.33,arn:aws:iam::123456789012:user/developer-carol,us-east-1,ThrottlingException,0
2025-11-08T13:29:16Z,GetMetricData,cloudwatch.amazonaws.com,192.168.1.102,arn:aws:iam::123456789012:role/ecs-task-role,eu-west-1,,0
2025-11-08T13:53:37Z,AssumeRole,sts.amazonaws.com,192.168.1.101,arn:aws:iam::123456789012:user/developer-carol,ap-southeast-1,,0
2025-11-08T14:39:44Z,Invoke,lambda.amazonaws.com,10.0.1.22,arn:aws:iam::123456789012:user/analyst-frank,ap-southeast-1,,0
2025-11-08T14:55:06Z,Scan,dynamodb.amazonaws.com,10.0.1.22,arn:aws:iam::123456789012:role/ci-cd-pipeline-role,ap-southeast-1,,0
2025-11-08T15:14:54Z,Scan,dynamodb.amazonaws.com,10.0.1.15,arn:aws:iam::123456789012:user/analyst-frank,ap-southeast-1,,0
2025-11-08T15:39:43Z,ListRoles,iam.amazonaws.com,192.168.1.102,arn:aws:iam::123456789012:user/developer-carol,us-west-2,,0
2025-11-08T15:42:50Z,PutItem,dynamodb.amazonaws.com,172.16.0.5,arn:aws:iam::123456789012:user/developer-alice,us-west-2,,0
2025-11-08T16:22:21Z,AssumeRole,sts.amazonaws.com,172.16.0.5,arn:aws:iam::123456789012:user/analyst-frank,us-west-2,,0
2025-11-08T16:55:34Z,HeadObject,s3.amazonaws.com,10.0.1.22,arn:aws:iam::123456789012:user/ops-dave,eu-west-1,,0
2025-11-08T17:45:17Z,GetFunction,lambda.amazonaws.com,172.16.0.5,arn:aws:iam::123456789012:user/ops-dave,ap-southeast-1,,0
2025-11-08T22:50:32Z,AddUserToGroup,iam.amazonaws.com,198.51.100.77,arn:aws:iam::123456789012:user/test-admin,us-east-1,AccessDenied,1
2025-11-09T09:44:23Z,ListRoles,iam.amazonaws.com,172.16.0.5,arn:aws:iam::123456789012:user/ops-dave,eu-west-1,,0
2025-11-09T09:58:38Z,ListMetrics,cloudwatch.amazonaws.com,192.168.1.101,arn:aws:iam::123456789012:user/ops-erin,us-west-2,ThrottlingException,0
2025-11-09T10:09:48Z,GetGroup,iam.amazonaws.com,52.94.76.10,arn:aws:iam::123456789012:role/lambda-execution-role,eu-west-1,,0
2025-11-09T11:56:26Z,GetMetricData,cloudwatch.amazonaws.com,192.168.1.101,arn:aws:iam::123456789012:role/ecs-task-role,ap-southeast-1,,0
2025-11-09T12:53:10Z,ModifyInstanceAttribute,ec2.amazonaws.com,45.33.32.156,arn:aws:iam::123456789012:user/analyst-frank,ap-northeast-3,AccessDenied,1
2025-11-09T12:56:34Z,ListRoles,iam.amazonaws.com,172.16.0.5,arn:aws:iam::123456789012:user/analyst-frank,ap-southeast-1,ThrottlingException,0
2025-11-09T13:12:24Z,Scan,dynamodb.amazonaws.com,10.0.1.22,arn:aws:iam::123456789012:user/ops-dave,ap-southeast-1,ThrottlingException,0
2025-11-09T13:50:28Z,HeadObject,s3.amazonaws.com,10.0.3.8,arn:aws:iam::123456789012:user/developer-carol,us-east-1,,0
2025-11-09T14:14:40Z,GetPolicy,iam.amazonaws.com,10.0.2.45,arn:aws:iam::123456789012:user/developer-carol,us-east-1,,0
2025-11-09T14:34:57Z,ListMetrics,cloudwatch.amazonaws.com,10.0.1.15,arn:aws:iam::123456789012:role/lambda-execution-role,eu-west-1,,0
2025-11-09T14:36:18Z,ListMetrics,cloudwatch.amazonaws.com,10.0.1.15,arn:aws:iam::123456789012:role/lambda-execution-role,eu-west-1,,0
2025-11-09T14:47:26Z,ListUsers,iam.amazonaws.com,10.0.1.33,arn:aws:iam::123456789012:role/ci-cd-pipeline-role,eu-west-1,,0
2025-11-09T15:00:16Z,GetCallerIdentity,sts.amazonaws.com,172.16.0.5,arn:aws:iam::123456789012:user/analyst-frank,eu-west-1,ThrottlingException,0
2025-11-09T15:07:08Z,GetObject,s3.amazonaws.com,10.0.2.45,arn:aws:iam::123456789012:role/ecs-task-role,us-east-1,,0
2025-11-09T15:52:40Z,DescribeInstances,ec2.amazonaws.com,52.94.76.10,arn:aws:iam::123456789012:user/ops-dave,ap-southeast-1,,0
2025-11-09T17:20:58Z,GetCallerIdentity,sts.amazonaws.com,52.94.76.10,arn:aws:iam::123456789012:user/developer-bob,ap-southeast-1,,0
2025-11-10T09:08:47Z,Invoke,lambda.amazonaws.com,10.0.1.22,arn:aws:iam::123456789012:user/developer-bob,ap-southeast-1,,0
2025-11-10T10:05:53Z,GetObject,s3.amazonaws.com,10.0.3.19,arn:aws:iam::123456789012:user/developer-bob,eu-west-1,,0
2025-11-10T10:20:27Z,DescribeVolumes,ec2.amazonaws.com,10.0.2.45,arn:aws:iam::123456789012:user/analyst-frank,us-west-2,,0
2025-11-10T10:54:52Z,ListFunctions,lambda.amazonaws.com,52.94.76.10,arn:aws:iam::123456789012:user/ops-dave,us-east-1,,0
2025-11-10T11:04:08Z,DescribeImages,ec2.amazonaws.com,52.94.76.10,arn:aws:iam::123456789012:role/ci-cd-pipeline-role,eu-west-1,,0
2025-11-10T11:08:34Z,DescribeSecurityGroups,ec2.amazonaws.com,10.0.1.22,arn:aws:iam::123456789012:user/developer-alice,us-west-2,,0
2025-11-10T12:52:55Z,GetRole,iam.amazonaws.com,192.168.1.100,arn:aws:iam::123456789012:user/developer-carol,us-east-1,,0
2025-11-10T13:29:41Z,GetObject,s3.amazonaws.com,172.16.0.5,arn:aws:iam::123456789012:role/lambda-execution-role,ap-southeast-1,,0
2025-11-10T14:15:08Z,DescribeTable,dynamodb.amazonaws.com,10.0.2.10,arn:aws:iam::123456789012:user/developer-bob,us-west-2,ThrottlingException,0
2025-11-10T14:32:37Z,ListObjects,s3.amazonaws.com,172.16.0.12,arn:aws:iam::123456789012:user/ops-dave,us-east-1,,0
2025-11-10T14:50:50Z,GetPolicy,iam.amazonaws.com,10.0.3.8,arn:aws:iam::123456789012:user/developer-alice,us-west-2,,0
2025-11-10T15:55:58Z,GetMetricData,cloudwatch.amazonaws.com,10.0.2.45,arn:aws:iam::123456789012:user/ops-erin,eu-west-1,,0
2025-11-10T16:45:58Z,ListFunctions,lambda.amazonaws.com,192.168.1.102,arn:aws:iam::123456789012:user/developer-bob,eu-west-1,ThrottlingException,0
2025-11-10T16:56:14Z,GetFunction,lambda.amazonaws.com,192.168.1.101,arn:aws:iam::123456789012:role/ecs-task-role,ap-southeast-1,,0
2025-11-10T17:03:37Z,AssumeRole,sts.amazonaws.com,52.94.76.10,arn:aws:iam::123456789012:user/developer-bob,ap-southeast-1,,0
2025-11-10T17:13:09Z,ListMetrics,cloudwatch.amazonaws.com,10.0.2.10,arn:aws:iam::123456789012:user/developer-bob,eu-west-1,,0
2025-11-10T17:18:29Z,AssumeRole,sts.amazonaws.com,10.0.1.22,arn:aws:iam::123456789012:user/developer-bob,us-west-2,,0
2025-11-11T09:05:47Z,GetCallerIdentity,sts.amazonaws.com,10.0.3.19,arn:aws:iam::123456789012:role/lambda-execution-role,ap-southeast-1,,0
2025-11-11T09:11:55Z,GetPolicy,iam.amazonaws.com,52.94.76.10,arn:aws:iam::123456789012:role/lambda-execution-role,us-east-1,,0
2025-11-11T09:27:01Z,ListFunctions,lambda.amazonaws.com,192.168.1.101,arn:aws:iam::123456789012:user/analyst-frank,ap-southeast-1,ThrottlingException,0
2025-11-11T10:15:27Z,AssumeRole,sts.amazonaws.com,172.16.0.12,arn:aws:iam::123456789012:user/developer-bob,ap-southeast-1,,0
2025-11-11T11:23:19Z,ListMetrics,cloudwatch.amazonaws.com,192.168.1.100,arn:aws:iam::123456789012:user/developer-bob,us-east-1,,0
2025-11-11T11:48:39Z,CopyObject,s3.amazonaws.com,10.0.1.22,arn:aws:iam::123456789012:user/ops-erin,ap-southeast-1,,0
2025-11-11T11:51:39Z,Invoke,lambda.amazonaws.com,192.168.1.102,arn:aws:iam::123456789012:user/analyst-frank,us-east-1,,0
2025-11-11T12:25:38Z,GetObject,s3.amazonaws.com,10.0.2.10,arn:aws:iam::123456789012:user/ops-erin,us-west-2,,0
2025-11-11T13:01:11Z,DescribeVolumes,ec2.amazonaws.com,192.168.1.100,arn:aws:iam::123456789012:user/ops-erin,eu-west-1,,0
2025-11-11T13:18:20Z,GetObject,s3.amazonaws.com,172.16.0.5,arn:aws:iam::123456789012:role/lambda-execution-role,us-west-2,,0
2025-11-11T14:07:48Z,DescribeImages,ec2.amazonaws.com,10.0.2.10,arn:aws:iam::123456789012:role/lambda-execution-role,us-east-1,ThrottlingException,0
2025-11-11T14:14:21Z,PutItem,dynamodb.amazonaws.com,10.0.1.22,arn:aws:iam::123456789012:role/ci-cd-pipeline-role,us-east-1,,0
2025-11-11T15:07:18Z,DescribeAlarms,cloudwatch.amazonaws.com,172.16.1.7,arn:aws:iam::123456789012:role/ecs-task-role,eu-west-1,,0
2025-11-11T15:34:45Z,GetPolicy,iam.amazonaws.com,172.16.0.12,arn:aws:iam::123456789012:user/analyst-frank,us-east-1,,0
2025-11-11T15:45:40Z,GetFunction,lambda.amazonaws.com,10.0.1.22,arn:aws:iam::123456789012:role/lambda-execution-role,us-east-1,,0
2025-11-11T16:38:28Z,GetFunction,lambda.amazonaws.com,10.0.2.10,arn:aws:iam::123456789012:role/ci-cd-pipeline-role,us-east-1,,0
2025-11-11T17:12:57Z,Query,dynamodb.amazonaws.com,10.0.3.8,arn:aws:iam::123456789012:user/developer-carol,us-west-2,,0
2025-11-12T10:18:54Z,GetItem,dynamodb.amazonaws.com,172.16.0.12,arn:aws:iam::123456789012:role/ci-cd-pipeline-role,us-east-1,,0
2025-11-12T10:19:35Z,Invoke,lambda.amazonaws.com,192.168.1.100,arn:aws:iam::123456789012:user/analyst-frank,us-west-2,,0
2025-11-12T10:21:06Z,AssumeRole,sts.amazonaws.com,10.0.2.45,arn:aws:iam::123456789012:user/ops-erin,us-west-2,,0
2025-11-12T10:37:42Z,GetRole,iam.amazonaws.com,10.0.2.45,arn:aws:iam::123456789012:role/lambda-execution-role,us-west-2,ThrottlingException,0
2025-11-12T10:41:42Z,Invoke,lambda.amazonaws.com,10.0.3.8,arn:aws:iam::123456789012:user/developer-alice,eu-west-1,,0
2025-11-12T10:41:55Z,GetItem,dynamodb.amazonaws.com,172.16.1.7,arn:aws:iam::123456789012:role/ci-cd-pipeline-role,ap-southeast-1,,0
2025-11-12T11:02:15Z,ListMetrics,cloudwatch.amazonaws.com,172.16.0.5,arn:aws:iam::123456789012:role/ci-cd-pipeline-role,us-west-2,,0
2025-11-12T11:13:21Z,Scan,dynamodb.amazonaws.com,10.0.2.10,arn:aws:iam::123456789012:user/ops-dave,us-west-2,,0
2025-11-12T11:16:12Z,GetPolicy,iam.amazonaws.com,10.0.1.33,arn:aws:iam::123456789012:user/developer-bob,us-west-2,,0
2025-11-12T11:38:24Z,ListUsers,iam.amazonaws.com,10.0.1.33,arn:aws:iam::123456789012:user/developer-carol,ap-southeast-1,,0
2025-11-12T14:58:18Z,GetFunction,lambda.amazonaws.com,192.168.1.100,arn:aws:iam::123456789012:user/analyst-frank,us-east-1,,0
2025-11-12T16:04:30Z,Invoke,lambda.amazonaws.com,10.0.2.45,arn:aws:iam::123456789012:user/ops-erin,us-east-1,,0
2025-11-12T16:32:09Z,ListObjects,s3.amazonaws.com,10.0.1.22,arn:aws:iam::123456789012:user/analyst-frank,us-east-1,,0
2025-11-12T16:48:36Z,DescribeTable,dynamodb.amazonaws.com,172.16.0.5,arn:aws:iam::123456789012:user/analyst-frank,eu-west-1,,0
2025-11-12T17:04:19Z,GetFunction,lambda.amazonaws.com,10.0.1.15,arn:aws:iam::123456789012:user/developer-alice,eu-west-1,,0
2025-11-12T17:50:47Z,ListObjects,s3.amazonaws.com,192.168.1.102,arn:aws:iam::123456789012:user/ops-dave,eu-west-1,ThrottlingException,0
2025-11-13T09:57:05Z,ListBuckets,s3.amazonaws.com,10.0.2.10,arn:aws:iam::123456789012:user/developer-carol,ap-southeast-1,,0
2025-11-13T10:49:37Z,ListMetrics,cloudwatch.amazonaws.com,10.0.1.33,arn:aws:iam::123456789012:user/developer-alice,eu-west-1,,0
2025-11-13T10:53:57Z,Invoke,lambda.amazonaws.com,172.16.0.12,arn:aws:iam::123456789012:user/developer-alice,us-west-2,,0
2025-11-13T11:02:18Z,Scan,dynamodb.amazonaws.com,54.239.28.85,arn:aws:iam::123456789012:user/developer-carol,ap-southeast-1,,0
2025-11-13T11:17:28Z,GetCallerIdentity,sts.amazonaws.com,192.168.1.101,arn:aws:iam::123456789012:role/lambda-execution-role,us-east-1,,0
2025-11-13T12:51:38Z,GetGroup,iam.amazonaws.com,10.0.2.45,arn:aws:iam::123456789012:user/developer-alice,ap-southeast-1,,0
2025-11-13T13:15:19Z,GetObject,s3.amazonaws.com,10.0.2.10,arn:aws:iam::123456789012:role/lambda-execution-role,ap-southeast-1,,0
2025-11-13T13:27:00Z,AssumeRole,sts.amazonaws.com,10.0.2.10,arn:aws:iam::123456789012:role/lambda-execution-role,us-west-2,,0
2025-11-13T14:16:47Z,ListBuckets,s3.amazonaws.com,192.168.1.100,arn:aws:iam::123456789012:user/developer-bob,eu-west-1,,0
2025-11-13T15:05:23Z,GetUser,iam.amazonaws.com,10.0.3.8,arn:aws:iam::123456789012:user/developer-bob,eu-west-1,,0
2025-11-13T15:23:43Z,GetMetricData,cloudwatch.amazonaws.com,172.16.0.5,arn:aws:iam::123456789012:user/ops-erin,ap-southeast-1,,0
2025-11-13T16:29:49Z,DescribeSubnets,ec2.amazonaws.com,172.16.0.12,arn:aws:iam::123456789012:role/ci-cd-pipeline-role,ap-southeast-1,,0
2025-11-13T16:56:22Z,ListObjects,s3.amazonaws.com,10.0.1.15,arn:aws:iam::123456789012:role/lambda-execution-role,eu-west-1,,0
2025-11-13T17:15:19Z,Scan,dynamodb.amazonaws.com,192.168.1.102,arn:aws:iam::123456789012:user/ops-dave,eu-west-1,ThrottlingException,0
2025-11-13T17:23:04Z,GetCallerIdentity,sts.amazonaws.com,10.0.3.19,arn:aws:iam::123456789012:role/ecs-task-role,us-east-1,,0
2025-11-13T17:59:06Z,DescribeAlarms,cloudwatch.amazonaws.com,192.168.1.101,arn:aws:iam::123456789012:user/developer-bob,eu-west-1,,0
2025-11-13T21:41:11Z,UpdateAssumeRolePolicy,iam.amazonaws.com,139.59.100.22,arn:aws:iam::123456789012:user/temp-contractor-99,us-east-1,,1
2025-11-14T09:20:59Z,DescribeImages,ec2.amazonaws.com,10.0.3.19,arn:aws:iam::123456789012:role/ci-cd-pipeline-role,ap-southeast-1,,0
2025-11-14T09:38:09Z,ListMetrics,cloudwatch.amazonaws.com,10.0.3.8,arn:aws:iam::123456789012:user/analyst-frank,ap-southeast-1,,0
2025-11-14T09:47:11Z,Invoke,lambda.amazonaws.com,10.0.3.19,arn:aws:iam::123456789012:role/ci-cd-pipeline-role,us-east-1,,0
2025-11-14T09:48:41Z,GetRole,iam.amazonaws.com,10.0.3.8,arn:aws:iam::123456789012:user/developer-alice,eu-west-1,,0
2025-11-14T10:20:42Z,DescribeVpcs,ec2.amazonaws.com,172.16.0.5,arn:aws:iam::123456789012:role/lambda-execution-role,us-west-2,,0
2025-11-14T10:42:40Z,GetFunction,lambda.amazonaws.com,172.16.0.12,arn:aws:iam::123456789012:user/developer-carol,us-east-1,,0
2025-11-14T10:45:49Z,ListFunctions,lambda.amazonaws.com,10.0.2.45,arn:aws:iam::123456789012:user/ops-dave,us-east-1,,0
2025-11-14T10:51:23Z,GetFunction,lambda.amazonaws.com,54.239.28.85,arn:aws:iam::123456789012:role/ecs-task-role,ap-southeast-1,,0
2025-11-14T11:31:44Z,GetFunction,lambda.amazonaws.com,192.168.1.102,arn:aws:iam::123456789012:role/ci-cd-pipeline-role,eu-west-1,,0
2025-11-14T11:33:23Z,GetFunction,lambda.amazonaws.com,52.94.76.10,arn:aws:iam::123456789012:user/ops-erin,us-west-2,,0
2025-11-14T11:54:04Z,ListFunctions,lambda.amazonaws.com,192.168.1.102,arn:aws:iam::123456789012:role/ecs-task-role,us-east-1,,0
2025-11-14T13:45:28Z,GetPolicy,iam.amazonaws.com,10.0.2.45,arn:aws:iam::123456789012:role/ecs-task-role,us-west-2,,0
2025-11-14T14:28:02Z,ListMetrics,cloudwatch.amazonaws.com,172.16.1.7,arn:aws:iam::123456789012:role/lambda-execution-role,eu-west-1,,0
2025-11-14T14:32:14Z,PutObject,s3.amazonaws.com,192.168.1.100,arn:aws:iam::123456789012:user/developer-carol,us-west-2,,0
2025-11-14T14:45:04Z,AssumeRole,sts.amazonaws.com,192.168.1.102,arn:aws:iam::123456789012:user/ops-erin,us-west-2,,0
2025-11-14T15:05:27Z,GetCallerIdentity,sts.amazonaws.com,172.16.0.12,arn:aws:iam::123456789012:user/ops-erin,eu-west-1,,0
2025-11-14T16:02:08Z,PutObject,s3.amazonaws.com,192.168.1.100,arn:aws:iam::123456789012:user/analyst-frank,eu-west-1,,0
2025-11-15T09:23:35Z,AssumeRole,sts.amazonaws.com,172.16.0.5,arn:aws:iam::123456789012:role/ci-cd-pipeline-role,us-west-2,ThrottlingException,0
2025-11-15T10:04:19Z,Invoke,lambda.amazonaws.com,54.239.28.85,arn:aws:iam::123456789012:role/ecs-task-role,ap-southeast-1,,0
2025-11-15T10:08:20Z,GetMetricData,cloudwatch.amazonaws.com,172.16.0.5,arn:aws:iam::123456789012:role/ecs-task-role,eu-west-1,,0
2025-11-15T10:44:03Z,ListRoles,iam.amazonaws.com,10.0.3.19,arn:aws:iam::123456789012:role/ecs-task-role,ap-southeast-1,,0
2025-11-15T11:52:20Z,AssumeRole,sts.amazonaws.com,10.0.2.10,arn:aws:iam::123456789012:user/developer-carol,ap-southeast-1,,0
2025-11-15T13:39:34Z,HeadObject,s3.amazonaws.com,52.94.76.10,arn:aws:iam::123456789012:user/developer-carol,us-west-2,,0
2025-11-15T13:41:13Z,DescribeTable,dynamodb.amazonaws.com,10.0.3.19,arn:aws:iam::123456789012:user/developer-alice,ap-southeast-1,,0
2025-11-15T13:41:19Z,ListFunctions,lambda.amazonaws.com,192.168.1.100,arn:aws:iam::123456789012:role/lambda-execution-role,eu-west-1,,0
2025-11-15T13:54:05Z,DescribeSecurityGroups,ec2.amazonaws.com,52.94.76.10,arn:aws:iam::123456789012:role/ci-cd-pipeline-role,eu-west-1,,0
2025-11-15T14:32:35Z,ListBuckets,s3.amazonaws.com,10.0.2.10,arn:aws:iam::123456789012:role/ecs-task-role,us-east-1,,0
2025-11-15T14:38:09Z,DescribeVolumes,ec2.amazonaws.com,10.0.3.8,arn:aws:iam::123456789012:user/analyst-frank,ap-southeast-1,,0
2025-11-15T14:53:59Z,GetCallerIdentity,sts.amazonaws.com,192.168.1.101,arn:aws:iam::123456789012:user/developer-alice,us-east-1,,0
2025-11-15T16:15:09Z,GetObject,s3.amazonaws.com,10.0.2.45,arn:aws:iam::123456789012:role/lambda-execution-role,ap-southeast-1,,0
2025-11-15T16:31:56Z,DescribeSubnets,ec2.amazonaws.com,10.0.1.15,arn:aws:iam::123456789012:user/developer-bob,ap-southeast-1,,0
2025-11-15T17:09:19Z,ListUsers,iam.amazonaws.com,10.0.3.8,arn:aws:iam::123456789012:user/ops-dave,eu-west-1,,0
2025-11-15T17:40:37Z,GetGroup,iam.amazonaws.com,10.0.1.33,arn:aws:iam::123456789012:role/lambda-execution-role,us-east-1,,0
2025-11-16T10:08:06Z,GetFunction,lambda.amazonaws.com,192.168.1.100,arn:aws:iam::123456789012:user/analyst-frank,eu-west-1,,0
2025-11-16T11:29:58Z,AssumeRole,sts.amazonaws.com,172.16.0.12,arn:aws:iam::123456789012:user/analyst-frank,eu-west-1,ThrottlingException,0
2025-11-16T11:33:13Z,AssumeRole,sts.amazonaws.com,52.94.76.10,arn:aws:iam::123456789012:role/ecs-task-role,ap-southeast-1,,0
2025-11-16T12:02:36Z,GetMetricData,cloudwatch.amazonaws.com,10.0.2.10,arn:aws:iam::123456789012:user/developer-alice,ap-southeast-1,,0
2025-11-16T12:38:32Z,Invoke,lambda.amazonaws.com,10.0.1.15,arn:aws:iam::123456789012:user/developer-alice,us-east-1,,0
2025-11-16T12:44:45Z,GetFunction,lambda.amazonaws.com,172.16.0.5,arn:aws:iam::123456789012:user/analyst-frank,eu-west-1,,0
2025-11-16T12:46:03Z,AssumeRole,sts.amazonaws.com,10.0.1.33,arn:aws:iam::123456789012:role/ci-cd-pipeline-role,ap-southeast-1,,0
2025-11-16T13:50:57Z,DescribeAlarms,cloudwatch.amazonaws.com,52.94.76.10,arn:aws:iam::123456789012:user/developer-alice,ap-southeast-1,,0
2025-11-16T14:10:25Z,AssumeRole,sts.amazonaws.com,172.16.1.7,arn:aws:iam::123456789012:user/analyst-frank,ap-southeast-1,ThrottlingException,0
2025-11-16T14:48:25Z,DescribeInstances,ec2.amazonaws.com,10.0.3.19,arn:aws:iam::123456789012:user/developer-alice,us-west-2,,0
2025-11-16T14:51:30Z,AssumeRole,sts.amazonaws.com,10.0.1.33,arn:aws:iam::123456789012:role/ci-cd-pipeline-role,us-west-2,,0
2025-11-16T15:09:26Z,GetMetricData,cloudwatch.amazonaws.com,10.0.3.19,arn:aws:iam::123456789012:role/ci-cd-pipeline-role,ap-southeast-1,,0
2025-11-16T15:52:01Z,AttachRolePolicy,iam.amazonaws.com,104.248.50.87,arn:aws:iam::123456789012:root,us-east-1,AccessDenied,1
2025-11-16T16:12:15Z,DescribeImages,ec2.amazonaws.com,10.0.2.45,arn:aws:iam::123456789012:user/ops-dave,eu-west-1,,0
2025-11-16T16:15:13Z,AssumeRole,sts.amazonaws.com,10.0.1.15,arn:aws:iam::123456789012:user/developer-alice,eu-west-1,,0
2025-11-16T16:18:34Z,GetBucketLocation,s3.amazonaws.com,10.0.1.22,arn:aws:iam::123456789012:role/lambda-execution-role,us-west-2,,0
2025-11-16T17:18:04Z,Invoke,lambda.amazonaws.com,172.16.0.5,arn:aws:iam::123456789012:role/ci-cd-pipeline-role,eu-west-1,ThrottlingException,0
2025-11-17T09:06:26Z,DescribeVolumes,ec2.amazonaws.com,172.16.0.5,arn:aws:iam::123456789012:user/developer-bob,us-west-2,,0
2025-11-17T09:58:58Z,ListRoles,iam.amazonaws.com,192.168.1.102,arn:aws:iam::123456789012:user/developer-carol,us-east-1,,0
2025-11-17T10:36:43Z,AssumeRole,sts.amazonaws.com,192.168.1.102,arn:aws:iam::123456789012:role/lambda-execution-role,eu-west-1,,0
2025-11-17T10:39:47Z,GetCallerIdentity,sts.amazonaws.com,10.0.2.10,arn:aws:iam::123456789012:user/developer-alice,us-west-2,,0
2025-11-17T10:59:21Z,DescribeSubnets,ec2.amazonaws.com,52.94.76.10,arn:aws:iam::123456789012:role/ci-cd-pipeline-role,ap-southeast-1,,0
2025-11-17T11:08:30Z,DescribeSecurityGroups,ec2.amazonaws.com,10.0.1.15,arn:aws:iam::123456789012:user/ops-erin,ap-southeast-1,,0
2025-11-17T12:03:42Z,ListObjects,s3.amazonaws.com,10.0.2.45,arn:aws:iam::123456789012:user/developer-carol,ap-southeast-1,,0
2025-11-17T12:12:52Z,AssumeRole,sts.amazonaws.com,192.168.1.102,arn:aws:iam::123456789012:role/ci-cd-pipeline-role,eu-west-1,,0
2025-11-17T13:02:18Z,GetMetricData,cloudwatch.amazonaws.com,10.0.3.8,arn:aws:iam::123456789012:role/ecs-task-role,eu-west-1,,0
2025-11-17T13:20:18Z,GetMetricData,cloudwatch.amazonaws.com,192.168.1.102,arn:aws:iam::123456789012:user/developer-bob,us-west-2,,0
2025-11-17T13:44:07Z,ListMetrics,cloudwatch.amazonaws.com,10.0.3.8,arn:aws:iam::123456789012:user/ops-dave,us-west-2,,0
2025-11-17T13:45:11Z,CopyObject,s3.amazonaws.com,10.0.3.8,arn:aws:iam::123456789012:user/ops-erin,us-west-2,,0
2025-11-17T16:11:59Z,ListMetrics,cloudwatch.amazonaws.com,192.168.1.102,arn:aws:iam::123456789012:user/developer-alice,us-east-1,,0
2025-11-17T16:48:17Z,DescribeVpcs,ec2.amazonaws.com,172.16.1.7,arn:aws:iam::123456789012:user/developer-alice,eu-west-1,,0
2025-11-17T17:29:17Z,GetGroup,iam.amazonaws.com,10.0.1.22,arn:aws:iam::123456789012:user/analyst-frank,us-west-2,,0
2025-11-17T17:59:10Z,Invoke,lambda.amazonaws.com,192.168.1.102,arn:aws:iam::123456789012:role/ecs-task-role,ap-southeast-1,,0
2025-11-17T18:57:25Z,AddPermission,lambda.amazonaws.com,104.248.50.87,arn:aws:iam::123456789012:user/developer-bob,me-south-1,,1
2025-11-18T09:15:13Z,GetObject,s3.amazonaws.com,172.16.1.7,arn:aws:iam::123456789012:user/developer-alice,ap-southeast-1,ThrottlingException,0
2025-11-18T09:15:47Z,ListObjects,s3.amazonaws.com,172.16.0.5,arn:aws:iam::123456789012:user/ops-dave,us-west-2,,0
2025-11-18T09:35:29Z,ListMetrics,cloudwatch.amazonaws.com,54.239.28.85,arn:aws:iam::123456789012:user/developer-alice,ap-southeast-1,,0
2025-11-18T09:47:13Z,GetCallerIdentity,sts.amazonaws.com,10.0.1.15,arn:aws:iam::123456789012:role/lambda-execution-role,eu-west-1,,0
2025-11-18T10:10:20Z,GetFederationToken,sts.amazonaws.com,203.0.113.42,arn:aws:iam::123456789012:user/ops-dave,me-south-1,,1
2025-11-18T10:11:34Z,Invoke,lambda.amazonaws.com,10.0.1.33,arn:aws:iam::123456789012:user/ops-dave,us-east-1,,0
2025-11-18T11:32:18Z,GetGroup,iam.amazonaws.com,192.168.1.102,arn:aws:iam::123456789012:user/analyst-frank,eu-west-1,,0
2025-11-18T11:49:41Z,DescribeAlarms,cloudwatch.amazonaws.com,10.0.3.19,arn:aws:iam::123456789012:user/analyst-frank,ap-southeast-1,,0
2025-11-18T12:29:22Z,GetRole,iam.amazonaws.com,10.0.2.10,arn:aws:iam::123456789012:user/developer-bob,us-east-1,,0
2025-11-18T12:48:15Z,DescribeAlarms,cloudwatch.amazonaws.com,192.168.1.101,arn:aws:iam::123456789012:user/developer-bob,ap-southeast-1,,0
2025-11-18T13:29:43Z,DescribeAlarms,cloudwatch.amazonaws.com,10.0.3.19,arn:aws:iam::123456789012:role/ci-cd-pipeline-role,ap-southeast-1,,0
2025-11-18T14:04:58Z,GetCallerIdentity,sts.amazonaws.com,10.0.1.15,arn:aws:iam::123456789012:role/ci-cd-pipeline-role,us-west-2,ThrottlingException,0
2025-11-18T15:24:05Z,DescribeAlarms,cloudwatch.amazonaws.com,192.168.1.101,arn:aws:iam::123456789012:role/ci-cd-pipeline-role,us-west-2,,0
2025-11-18T16:09:29Z,DescribeAlarms,cloudwatch.amazonaws.com,10.0.3.8,arn:aws:iam::123456789012:role/lambda-execution-role,ap-southeast-1,,0
2025-11-18T17:03:59Z,ListObjects,s3.amazonaws.com,10.0.1.15,arn:aws:iam::123456789012:user/ops-erin,ap-southeast-1,,0
2025-11-18T17:28:51Z,ListObjects,s3.amazonaws.com,10.0.1.33,arn:aws:iam::123456789012:role/ci-cd-pipeline-role,ap-southeast-1,,0
2025-11-19T03:59:12Z,GetMetricData,cloudwatch.amazonaws.com,198.51.100.77,arn:aws:iam::123456789012:user/ops-dave,us-west-2,AccessDenied,1
2025-11-19T09:35:37Z,GetMetricData,cloudwatch.amazonaws.com,52.94.76.10,arn:aws:iam::123456789012:role/lambda-execution-role,ap-southeast-1,,0
2025-11-19T09:53:54Z,GetBucketLocation,s3.amazonaws.com,52.94.76.10,arn:aws:iam::123456789012:user/developer-alice,us-east-1,,0
2025-11-19T11:46:34Z,ListFunctions,lambda.amazonaws.com,192.168.1.102,arn:aws:iam::123456789012:role/ci-cd-pipeline-role,us-east-1,,0
2025-11-19T11:51:29Z,HeadObject,s3.amazonaws.com,10.0.3.19,arn:aws:iam::123456789012:role/lambda-execution-role,us-west-2,,0
2025-11-19T12:16:13Z,DescribeVolumes,ec2.amazonaws.com,10.0.1.22,arn:aws:iam::123456789012:role/ecs-task-role,eu-west-1,,0
2025-11-19T12:24:36Z,PutItem,dynamodb.amazonaws.com,172.16.0.5,arn:aws:iam::123456789012:role/ci-cd-pipeline-role,eu-west-1,,0
2025-11-19T12:35:20Z,Query,dynamodb.amazonaws.com,10.0.3.19,arn:aws:iam::123456789012:role/ecs-task-role,eu-west-1,,0
2025-11-19T12:51:48Z,GetCallerIdentity,sts.amazonaws.com,172.16.0.5,arn:aws:iam::123456789012:user/ops-dave,eu-west-1,,0
2025-11-19T13:23:32Z,GetFunction,lambda.amazonaws.com,10.0.1.22,arn:aws:iam::123456789012:role/ecs-task-role,eu-west-1,,0
2025-11-19T13:24:11Z,DescribeTable,dynamodb.amazonaws.com,172.16.0.5,arn:aws:iam::123456789012:user/ops-dave,us-west-2,,0
2025-11-19T13:35:59Z,AssumeRole,sts.amazonaws.com,10.0.2.45,arn:aws:iam::123456789012:user/developer-carol,us-west-2,,0
2025-11-19T13:56:09Z,DescribeAlarms,cloudwatch.amazonaws.com,10.0.2.10,arn:aws:iam::123456789012:role/lambda-execution-role,eu-west-1,,0
2025-11-19T14:20:26Z,HeadObject,s3.amazonaws.com,192.168.1.101,arn:aws:iam::123456789012:user/ops-dave,us-west-2,,0
2025-11-19T16:46:41Z,ListMetrics,cloudwatch.amazonaws.com,172.16.0.5,arn:aws:iam::123456789012:user/developer-carol,eu-west-1,,0
2025-11-19T17:46:53Z,GetUser,iam.amazonaws.com,10.0.2.45,arn:aws:iam::123456789012:role/lambda-execution-role,us-east-1,,0
2025-11-19T18:42:24Z,AttachRolePolicy,iam.amazonaws.com,178.128.200.15,arn:aws:iam::987654321098:user/external-user,us-east-1,,1
2025-11-20T08:57:34Z,CreateAccessKey,iam.amazonaws.com,104.248.50.87,arn:aws:iam::123456789012:root,us-east-1,,1
2025-11-20T09:34:35Z,ListFunctions,lambda.amazonaws.com,10.0.1.15,arn:aws:iam::123456789012:role/ci-cd-pipeline-role,eu-west-1,,0
2025-11-20T10:41:54Z,GetMetricData,cloudwatch.amazonaws.com,10.0.1.22,arn:aws:iam::123456789012:role/lambda-execution-role,ap-southeast-1,,0
2025-11-20T11:43:37Z,ListMetrics,cloudwatch.amazonaws.com,10.0.1.22,arn:aws:iam::123456789012:user/ops-erin,us-west-2,,0
2025-11-20T11:50:44Z,GetMetricData,cloudwatch.amazonaws.com,172.16.0.12,arn:aws:iam::123456789012:user/analyst-frank,us-east-1,,0
2025-11-20T11:53:40Z,GetUser,iam.amazonaws.com,54.239.28.85,arn:aws:iam::123456789012:user/developer-carol,us-east-1,,0
2025-11-20T12:36:53Z,Scan,dynamodb.amazonaws.com,52.94.76.10,arn:aws:iam::123456789012:role/ci-cd-pipeline-role,eu-west-1,,0
2025-11-20T12:37:09Z,Scan,dynamodb.amazonaws.com,192.168.1.102,arn:aws:iam::123456789012:user/developer-bob,eu-west-1,,0
2025-11-20T12:57:55Z,DescribeAlarms,cloudwatch.amazonaws.com,172.16.0.5,arn:aws:iam::123456789012:user/ops-erin,us-east-1,,0
2025-11-20T13:01:32Z,Scan,dynamodb.amazonaws.com,192.168.1.100,arn:aws:iam::123456789012:user/developer-carol,us-east-1,,0
2025-11-20T13:50:28Z,ListFunctions,lambda.amazonaws.com,10.0.3.8,arn:aws:iam::123456789012:role/ci-cd-pipeline-role,ap-southeast-1,,0
2025-11-20T15:05:23Z,GetFunction,lambda.amazonaws.com,172.16.1.7,arn:aws:iam::123456789012:user/ops-dave,us-west-2,,0
2025-11-20T15:14:53Z,ListBuckets,s3.amazonaws.com,172.16.1.7,arn:aws:iam::123456789012:role/lambda-execution-role,eu-west-1,,0
2025-11-20T15:41:50Z,DescribeImages,ec2.amazonaws.com,192.168.1.101,arn:aws:iam::123456789012:user/developer-bob,us-east-1,,0
2025-11-20T17:09:15Z,GetPolicy,iam.amazonaws.com,172.16.0.12,arn:aws:iam::123456789012:user/ops-erin,eu-west-1,,0
2025-11-20T17:29:23Z,HeadObject,s3.amazonaws.com,52.94.76.10,arn:aws:iam::123456789012:role/ecs-task-role,ap-southeast-1,,0
2025-11-20T17:30:03Z,GetMetricData,cloudwatch.amazonaws.com,54.239.28.85,arn:aws:iam::123456789012:user/developer-carol,us-east-1,,0
2025-11-21T09:05:22Z,GetCallerIdentity,sts.amazonaws.com,172.16.1.7,arn:aws:iam::123456789012:user/analyst-frank,ap-southeast-1,,0
2025-11-21T10:08:19Z,ListObjects,s3.amazonaws.com,10.0.3.8,arn:aws:iam::123456789012:role/lambda-execution-role,eu-west-1,,0
2025-11-21T10:17:09Z,Invoke,lambda.amazonaws.com,192.168.1.100,arn:aws:iam::123456789012:user/developer-carol,ap-southeast-1,,0
2025-11-21T10:23:16Z,ListPolicies,iam.amazonaws.com,52.94.76.10,arn:aws:iam::123456789012:role/ecs-task-role,us-west-2,,0
2025-11-21T10:43:49Z,AssumeRoleWithSAML,sts.amazonaws.com,139.59.100.22,arn:aws:iam::123456789012:user/ops-dave,me-south-1,AccessDenied,1
2025-11-21T10:52:54Z,Scan,dynamodb.amazonaws.com,52.94.76.10,arn:aws:iam::123456789012:role/ecs-task-role,us-west-2,,0
2025-11-21T11:05:11Z,GetFunction,lambda.amazonaws.com,172.16.0.12,arn:aws:iam::123456789012:role/ci-cd-pipeline-role,ap-southeast-1,,0
2025-11-21T12:16:42Z,ListPolicies,iam.amazonaws.com,10.0.3.19,arn:aws:iam::123456789012:role/lambda-execution-role,us-east-1,,0
2025-11-21T12:20:24Z,DescribeSubnets,ec2.amazonaws.com,10.0.3.8,arn:aws:iam::123456789012:user/developer-bob,us-west-2,ThrottlingException,0
2025-11-21T12:30:20Z,ListRoles,iam.amazonaws.com,10.0.3.8,arn:aws:iam::123456789012:user/ops-erin,ap-southeast-1,ThrottlingException,0
2025-11-21T13:26:24Z,GetItem,dynamodb.amazonaws.com,54.239.28.85,arn:aws:iam::123456789012:role/ci-cd-pipeline-role,us-west-2,ThrottlingException,0
2025-11-21T14:06:05Z,ListBuckets,s3.amazonaws.com,172.16.0.5,arn:aws:iam::123456789012:user/analyst-frank,eu-west-1,,0
2025-11-21T14:27:52Z,DescribeTable,dynamodb.amazonaws.com,10.0.1.33,arn:aws:iam::123456789012:user/ops-erin,eu-west-1,ThrottlingException,0
2025-11-21T16:09:04Z,ListRoles,iam.amazonaws.com,10.0.2.45,arn:aws:iam::123456789012:role/lambda-execution-role,eu-west-1,,0
2025-11-21T16:37:25Z,AssumeRole,sts.amazonaws.com,172.16.0.12,arn:aws:iam::123456789012:user/developer-alice,eu-west-1,,0
2025-11-21T17:10:43Z,ListFunctions,lambda.amazonaws.com,10.0.1.33,arn:aws:iam::123456789012:user/ops-erin,eu-west-1,,0
2025-11-22T09:06:16Z,GetPolicy,iam.amazonaws.com,54.239.28.85,arn:aws:iam::123456789012:role/ci-cd-pipeline-role,us-west-2,,0
2025-11-22T09:30:06Z,DescribeSubnets,ec2.amazonaws.com,192.168.1.102,arn:aws:iam::123456789012:user/developer-bob,us-east-1,,0
2025-11-22T09:36:41Z,DescribeAlarms,cloudwatch.amazonaws.com,10.0.3.19,arn:aws:iam::123456789012:user/analyst-frank,ap-southeast-1,,0
2025-11-22T10:01:54Z,DescribeVolumes,ec2.amazonaws.com,10.0.1.22,arn:aws:iam::123456789012:user/developer-carol,us-west-2,,0
2025-11-22T10:06:49Z,ListPolicies,iam.amazonaws.com,52.94.76.10,arn:aws:iam::123456789012:user/analyst-frank,us-west-2,ThrottlingException,0
2025-11-22T10:16:42Z,Scan,dynamodb.amazonaws.com,172.16.0.12,arn:aws:iam::123456789012:user/analyst-frank,ap-southeast-1,ThrottlingException,0
2025-11-22T10:28:46Z,ListMetrics,cloudwatch.amazonaws.com,10.0.3.8,arn:aws:iam::123456789012:user/developer-bob,eu-west-1,,0
2025-11-22T10:43:08Z,DescribeInstances,ec2.amazonaws.com,10.0.2.10,arn:aws:iam::123456789012:user/ops-erin,us-east-1,,0
2025-11-22T10:51:55Z,GetCallerIdentity,sts.amazonaws.com,10.0.3.8,arn:aws:iam::123456789012:user/analyst-frank,us-west-2,,0
2025-11-22T11:11:40Z,ListMetrics,cloudwatch.amazonaws.com,10.0.3.19,arn:aws:iam::123456789012:user/developer-alice,us-west-2,,0
2025-11-22T11:31:40Z,GetCallerIdentity,sts.amazonaws.com,172.16.0.12,arn:aws:iam::123456789012:user/developer-carol,ap-southeast-1,,0
2025-11-22T11:35:10Z,DescribeImages,ec2.amazonaws.com,10.0.3.19,arn:aws:iam::123456789012:role/ecs-task-role,us-west-2,,0
2025-11-22T14:19:21Z,ListFunctions,lambda.amazonaws.com,172.16.0.12,arn:aws:iam::123456789012:role/ecs-task-role,eu-west-1,,0
2025-11-22T14:25:29Z,DescribeTable,dynamodb.amazonaws.com,54.239.28.85,arn:aws:iam::123456789012:role/ci-cd-pipeline-role,us-west-2,,0
2025-11-22T14:44:09Z,AssumeRole,sts.amazonaws.com,10.0.3.19,arn:aws:iam::123456789012:user/developer-carol,ap-southeast-1,,0
2025-11-22T15:24:00Z,GetMetricData,cloudwatch.amazonaws.com,10.0.2.10,arn:aws:iam::123456789012:user/ops-erin,us-east-1,ThrottlingException,0
2025-11-22T15:37:07Z,DescribeVpcs,ec2.amazonaws.com,192.168.1.101,arn:aws:iam::123456789012:role/ecs-task-role,us-west-2,,0
2025-11-23T09:18:36Z,PutBucketPublicAccessBlock,s3.amazonaws.com,203.0.113.42,arn:aws:iam::123456789012:root,eu-west-1,,1
2025-11-23T09:36:22Z,AssumeRole,sts.amazonaws.com,172.16.1.7,arn:aws:iam::123456789012:role/ci-cd-pipeline-role,us-west-2,,0
2025-11-23T09:50:48Z,GetRole,iam.amazonaws.com,10.0.1.15,arn:aws:iam::123456789012:user/ops-erin,us-west-2,,0
2025-11-23T10:17:49Z,AssumeRole,sts.amazonaws.com,172.16.0.12,arn:aws:iam::123456789012:user/developer-alice,ap-southeast-1,,0
2025-11-23T10:53:15Z,DeleteObject,s3.amazonaws.com,91.134.210.15,arn:aws:iam::123456789012:root,ap-northeast-3,,1
2025-11-23T11:11:20Z,Scan,dynamodb.amazonaws.com,172.16.1.7,arn:aws:iam::123456789012:user/developer-alice,eu-west-1,,0
2025-11-23T12:27:06Z,DescribeAlarms,cloudwatch.amazonaws.com,192.168.1.100,arn:aws:iam::123456789012:user/ops-dave,eu-west-1,,0
2025-11-23T13:10:49Z,Invoke,lambda.amazonaws.com,54.239.28.85,arn:aws:iam::123456789012:role/ecs-task-role,us-east-1,ThrottlingException,0
2025-11-23T13:44:59Z,DescribeSubnets,ec2.amazonaws.com,172.16.0.5,arn:aws:iam::123456789012:user/analyst-frank,us-east-1,,0
2025-11-23T14:55:45Z,AssumeRole,sts.amazonaws.com,10.0.1.33,arn:aws:iam::123456789012:user/developer-carol,us-west-2,,0
2025-11-23T15:24:28Z,CopyObject,s3.amazonaws.com,192.168.1.100,arn:aws:iam::123456789012:user/developer-bob,ap-southeast-1,,0
2025-11-23T15:52:13Z,GetFunction,lambda.amazonaws.com,10.0.3.8,arn:aws:iam::123456789012:user/ops-erin,eu-west-1,,0
2025-11-23T15:58:03Z,DescribeVolumes,ec2.amazonaws.com,10.0.1.33,arn:aws:iam::123456789012:user/developer-carol,us-west-2,,0
2025-11-23T16:08:12Z,Scan,dynamodb.amazonaws.com,172.16.0.12,arn:aws:iam::123456789012:role/ci-cd-pipeline-role,ap-southeast-1,,0
2025-11-23T16:16:22Z,GetItem,dynamodb.amazonaws.com,172.16.0.5,arn:aws:iam::123456789012:user/developer-bob,us-west-2,,0
2025-11-23T16:26:45Z,Scan,dynamodb.amazonaws.com,172.16.0.5,arn:aws:iam::123456789012:user/developer-carol,us-east-1,ThrottlingException,0
2025-11-23T16:40:42Z,ListMetrics,cloudwatch.amazonaws.com,192.168.1.101,arn:aws:iam::123456789012:user/developer-bob,ap-southeast-1,,0
2025-11-24T09:44:21Z,GetItem,dynamodb.amazonaws.com,192.168.1.101,arn:aws:iam::123456789012:role/lambda-execution-role,us-west-2,,0
2025-11-24T10:14:24Z,CopyObject,s3.amazonaws.com,192.168.1.100,arn:aws:iam::123456789012:user/developer-bob,us-east-1,,0
2025-11-24T11:36:54Z,GetFunction,lambda.amazonaws.com,192.168.1.102,arn:aws:iam::123456789012:user/developer-alice,us-east-1,,0
2025-11-24T12:30:04Z,GetPolicy,iam.amazonaws.com,10.0.2.10,arn:aws:iam::123456789012:role/ci-cd-pipeline-role,ap-southeast-1,,0
2025-11-24T12:44:58Z,ListPolicies,iam.amazonaws.com,10.0.2.45,arn:aws:iam::123456789012:user/developer-carol,eu-west-1,,0
2025-11-24T13:46:44Z,PutItem,dynamodb.amazonaws.com,10.0.3.19,arn:aws:iam::123456789012:user/developer-bob,us-east-1,,0
2025-11-24T14:08:24Z,DescribeTable,dynamodb.amazonaws.com,10.0.3.19,arn:aws:iam::123456789012:user/analyst-frank,us-west-2,,0
2025-11-24T14:16:05Z,DescribeVolumes,ec2.amazonaws.com,192.168.1.102,arn:aws:iam::123456789012:user/developer-carol,us-east-1,,0
2025-11-24T14:56:19Z,ListRoles,iam.amazonaws.com,192.168.1.100,arn:aws:iam::123456789012:user/developer-carol,us-west-2,,0
2025-11-24T15:22:27Z,DescribeSecurityGroups,ec2.amazonaws.com,10.0.2.10,arn:aws:iam::123456789012:user/ops-erin,us-east-1,,0
2025-11-24T15:39:43Z,ListFunctions,lambda.amazonaws.com,10.0.1.22,arn:aws:iam::123456789012:user/developer-bob,us-west-2,,0
2025-11-24T16:01:07Z,PutItem,dynamodb.amazonaws.com,172.16.0.5,arn:aws:iam::123456789012:role/ecs-task-role,us-east-1,,0
2025-11-24T16:24:07Z,ListRoles,iam.amazonaws.com,52.94.76.10,arn:aws:iam::123456789012:user/developer-bob,us-east-1,,0
2025-11-24T17:36:00Z,GetCallerIdentity,sts.amazonaws.com,172.16.0.5,arn:aws:iam::123456789012:user/analyst-frank,us-west-2,,0
2025-11-24T17:38:32Z,ListPolicies,iam.amazonaws.com,10.0.3.19,arn:aws:iam::123456789012:user/ops-erin,us-east-1,,0
2025-11-24T17:38:38Z,DescribeAlarms,cloudwatch.amazonaws.com,10.0.2.45,arn:aws:iam::123456789012:user/developer-alice,eu-west-1,,0
2025-11-25T10:00:45Z,ListPolicies,iam.amazonaws.com,10.0.1.15,arn:aws:iam::123456789012:user/developer-carol,ap-southeast-1,,0
2025-11-25T10:01:37Z,GetObject,s3.amazonaws.com,10.0.2.45,arn:aws:iam::123456789012:user/ops-dave,us-east-1,,0
2025-11-25T10:14:47Z,GetCallerIdentity,sts.amazonaws.com,10.0.1.15,arn:aws:iam::123456789012:user/developer-alice,us-west-2,,0
2025-11-25T10:16:45Z,GetCallerIdentity,sts.amazonaws.com,172.16.0.5,arn:aws:iam::123456789012:role/ecs-task-role,eu-west-1,,0
2025-11-25T10:19:44Z,Invoke,lambda.amazonaws.com,192.168.1.101,arn:aws:iam::123456789012:user/ops-dave,us-east-1,,0
2025-11-25T10:40:34Z,GetCallerIdentity,sts.amazonaws.com,10.0.2.45,arn:aws:iam::123456789012:user/developer-bob,eu-west-1,,0
2025-11-25T10:49:57Z,ListBuckets,s3.amazonaws.com,192.168.1.100,arn:aws:iam::123456789012:role/lambda-execution-role,eu-west-1,,0
2025-11-25T10:56:29Z,Query,dynamodb.amazonaws.com,192.168.1.100,arn:aws:iam::123456789012:user/ops-erin,eu-west-1,,0
2025-11-25T10:59:27Z,ListObjects,s3.amazonaws.com,172.16.1.7,arn:aws:iam::123456789012:user/developer-alice,eu-west-1,,0
2025-11-25T14:15:26Z,ListMetrics,cloudwatch.amazonaws.com,10.0.2.45,arn:aws:iam::123456789012:user/developer-bob,eu-west-1,,0
2025-11-25T15:32:18Z,DescribeAlarms,cloudwatch.amazonaws.com,172.16.0.12,arn:aws:iam::123456789012:role/lambda-execution-role,ap-southeast-1,,0
2025-11-25T16:23:24Z,ListUsers,iam.amazonaws.com,192.168.1.102,arn:aws:iam::123456789012:user/developer-alice,ap-southeast-1,,0
2025-11-25T16:54:36Z,GetRole,iam.amazonaws.com,10.0.1.33,arn:aws:iam::123456789012:user/ops-erin,us-east-1,ThrottlingException,0
2025-11-25T17:29:00Z,DescribeSecurityGroups,ec2.amazonaws.com,10.0.2.45,arn:aws:iam::123456789012:user/ops-erin,us-west-2,,0
2025-11-25T17:33:50Z,Query,dynamodb.amazonaws.com,10.0.1.33,arn:aws:iam::123456789012:user/analyst-frank,us-west-2,,0
2025-11-25T17:43:57Z,PutObject,s3.amazonaws.com,10.0.2.10,arn:aws:iam::123456789012:role/ci-cd-pipeline-role,us-east-1,,0
2025-11-25T17:58:13Z,PutItem,dynamodb.amazonaws.com,172.16.0.12,arn:aws:iam::123456789012:user/analyst-frank,ap-southeast-1,ThrottlingException,0
2025-11-26T09:13:53Z,Query,dynamodb.amazonaws.com,10.0.1.33,arn:aws:iam::123456789012:user/developer-bob,us-west-2,,0
2025-11-26T09:48:42Z,Invoke,lambda.amazonaws.com,54.239.28.85,arn:aws:iam::123456789012:user/ops-erin,us-east-1,,0
2025-11-26T09:59:26Z,PutObject,s3.amazonaws.com,172.16.0.12,arn:aws:iam::123456789012:user/analyst-frank,us-east-1,,0
2025-11-26T10:00:03Z,PutItem,dynamodb.amazonaws.com,10.0.1.33,arn:aws:iam::123456789012:user/ops-dave,ap-southeast-1,,0
2025-11-26T10:32:08Z,ListMetrics,cloudwatch.amazonaws.com,10.0.1.22,arn:aws:iam::123456789012:user/developer-alice,ap-southeast-1,,0
2025-11-26T10:37:37Z,DescribeInstances,ec2.amazonaws.com,10.0.1.15,arn:aws:iam::123456789012:user/developer-bob,us-west-2,,0
2025-11-26T11:05:57Z,Query,dynamodb.amazonaws.com,10.0.1.22,arn:aws:iam::123456789012:user/developer-alice,ap-southeast-1,,0
2025-11-26T11:28:29Z,DescribeSubnets,ec2.amazonaws.com,10.0.1.22,arn:aws:iam::123456789012:role/ci-cd-pipeline-role,eu-west-1,,0
2025-11-26T11:59:36Z,Invoke,lambda.amazonaws.com,10.0.3.19,arn:aws:iam::123456789012:role/ecs-task-role,us-east-1,,0
2025-11-26T12:18:16Z,Query,dynamodb.amazonaws.com,192.168.1.102,arn:aws:iam::123456789012:role/lambda-execution-role,eu-west-1,,0
2025-11-26T12:57:54Z,AssumeRole,sts.amazonaws.com,54.239.28.85,arn:aws:iam::123456789012:user/analyst-frank,ap-southeast-1,,0
2025-11-26T14:37:31Z,PutItem,dynamodb.amazonaws.com,54.239.28.85,arn:aws:iam::123456789012:role/ci-cd-pipeline-role,us-west-2,,0
2025-11-26T15:32:03Z,ListMetrics,cloudwatch.amazonaws.com,10.0.2.45,arn:aws:iam::123456789012:user/developer-carol,us-east-1,,0
2025-11-26T16:17:14Z,PutObject,s3.amazonaws.com,10.0.1.33,arn:aws:iam::123456789012:user/developer-bob,us-west-2,,0
2025-11-26T16:19:29Z,DescribeInstances,ec2.amazonaws.com,10.0.1.22,arn:aws:iam::123456789012:user/developer-carol,eu-west-1,ThrottlingException,0
2025-11-26T16:35:47Z,GetCallerIdentity,sts.amazonaws.com,10.0.1.22,arn:aws:iam::123456789012:role/ecs-task-role,us-east-1,,0
2025-11-26T17:15:26Z,ListFunctions,lambda.amazonaws.com,10.0.1.33,arn:aws:iam::123456789012:user/ops-erin,us-east-1,,0
2025-11-27T09:01:09Z,GetCallerIdentity,sts.amazonaws.com,192.168.1.100,arn:aws:iam::123456789012:user/developer-bob,eu-west-1,,0
2025-11-27T09:05:03Z,GetPolicy,iam.amazonaws.com,10.0.2.10,arn:aws:iam::123456789012:user/developer-alice,ap-southeast-1,,0
2025-11-27T09:39:39Z,GetCallerIdentity,sts.amazonaws.com,52.94.76.10,arn:aws:iam::123456789012:user/ops-erin,ap-southeast-1,,0
2025-11-27T11:10:46Z,Invoke,lambda.amazonaws.com,172.16.0.5,arn:aws:iam::123456789012:user/analyst-frank,us-west-2,,0
2025-11-27T11:11:15Z,AssumeRole,sts.amazonaws.com,192.168.1.100,arn:aws:iam::123456789012:user/analyst-frank,us-east-1,,0
2025-11-27T11:36:12Z,Scan,dynamodb.amazonaws.com,172.16.0.12,arn:aws:iam::123456789012:user/ops-erin,us-west-2,,0
2025-11-27T12:17:34Z,GetItem,dynamodb.amazonaws.com,192.168.1.100,arn:aws:iam::123456789012:user/ops-dave,ap-southeast-1,,0
2025-11-27T13:11:01Z,DescribeImages,ec2.amazonaws.com,10.0.2.10,arn:aws:iam::123456789012:user/developer-alice,eu-west-1,,0
2025-11-27T14:14:42Z,GetCallerIdentity,sts.amazonaws.com,10.0.3.19,arn:aws:iam::123456789012:user/ops-erin,eu-west-1,,0
2025-11-27T14:45:42Z,Invoke,lambda.amazonaws.com,10.0.1.22,arn:aws:iam::123456789012:user/analyst-frank,eu-west-1,,0
2025-11-27T14:58:39Z,GetGroup,iam.amazonaws.com,10.0.1.33,arn:aws:iam::123456789012:user/analyst-frank,us-west-2,,0
2025-11-27T15:11:22Z,ListUsers,iam.amazonaws.com,10.0.2.45,arn:aws:iam::123456789012:user/ops-erin,ap-southeast-1,,0
2025-11-27T16:33:22Z,DescribeTable,dynamodb.amazonaws.com,10.0.2.10,arn:aws:iam::123456789012:user/developer-carol,us-east-1,,0
2025-11-27T16:34:50Z,GetFunction,lambda.amazonaws.com,192.168.1.102,arn:aws:iam::123456789012:role/ci-cd-pipeline-role,eu-west-1,,0
2025-11-27T17:15:40Z,DescribeTable,dynamodb.amazonaws.com,192.168.1.100,arn:aws:iam::123456789012:user/developer-alice,ap-southeast-1,,0
2025-11-27T17:30:03Z,ListBuckets,s3.amazonaws.com,10.0.3.19,arn:aws:iam::123456789012:user/developer-carol,ap-southeast-1,,0
2025-11-28T09:20:16Z,GetObject,s3.amazonaws.com,10.0.3.8,arn:aws:iam::123456789012:user/developer-carol,ap-southeast-1,,0
2025-11-28T10:03:25Z,AssumeRole,sts.amazonaws.com,10.0.1.33,arn:aws:iam::123456789012:user/developer-alice,eu-west-1,,0
2025-11-28T10:35:57Z,ListBuckets,s3.amazonaws.com,172.16.1.7,arn:aws:iam::123456789012:role/ecs-task-role,us-east-1,,0
2025-11-28T10:46:00Z,ListObjects,s3.amazonaws.com,172.16.0.5,arn:aws:iam::123456789012:role/lambda-execution-role,us-west-2,,0
2025-11-28T11:38:56Z,ListFunctions,lambda.amazonaws.com,10.0.1.15,arn:aws:iam::123456789012:user/developer-bob,eu-west-1,,0
2025-11-28T11:46:00Z,DescribeAlarms,cloudwatch.amazonaws.com,10.0.3.19,arn:aws:iam::123456789012:user/developer-alice,us-west-2,ThrottlingException,0
2025-11-28T12:10:40Z,DescribeInstances,ec2.amazonaws.com,172.16.0.5,arn:aws:iam::123456789012:user/developer-bob,eu-west-1,,0
2025-11-28T12:26:44Z,AssumeRole,sts.amazonaws.com,52.94.76.10,arn:aws:iam::123456789012:user/ops-erin,eu-west-1,,0
2025-11-28T14:47:04Z,GetRole,iam.amazonaws.com,10.0.3.8,arn:aws:iam::123456789012:user/developer-carol,us-east-1,,0
2025-11-28T14:56:24Z,DescribeSecurityGroups,ec2.amazonaws.com,172.16.0.5,arn:aws:iam::123456789012:user/developer-alice,eu-west-1,,0
2025-11-28T14:58:51Z,GetCallerIdentity,sts.amazonaws.com,52.94.76.10,arn:aws:iam::123456789012:user/developer-bob,ap-southeast-1,,0
2025-11-28T15:05:18Z,DescribeTable,dynamodb.amazonaws.com,172.16.0.5,arn:aws:iam::123456789012:user/ops-dave,us-east-1,,0
2025-11-28T16:00:16Z,ListUsers,iam.amazonaws.com,54.239.28.85,arn:aws:iam::123456789012:user/developer-bob,eu-west-1,,0
2025-11-28T16:16:14Z,Query,dynamodb.amazonaws.com,172.16.1.7,arn:aws:iam::123456789012:user/developer-alice,us-west-2,,0
2025-11-28T16:31:57Z,ListMetrics,cloudwatch.amazonaws.com,10.0.1.22,arn:aws:iam::123456789012:role/ci-cd-pipeline-role,ap-southeast-1,,0
2025-11-28T16:56:24Z,DescribeImages,ec2.amazonaws.com,10.0.3.19,arn:aws:iam::123456789012:user/developer-bob,ap-southeast-1,ThrottlingException,0
2025-11-28T21:14:10Z,DeleteBucket,s3.amazonaws.com,198.51.100.77,arn:aws:iam::123456789012:root,ap-northeast-3,,1
2025-11-29T09:29:03Z,DescribeVolumes,ec2.amazonaws.com,10.0.2.10,arn:aws:iam::123456789012:user/ops-erin,eu-west-1,,0
2025-11-29T10:05:24Z,AssumeRole,sts.amazonaws.com,172.16.0.12,arn:aws:iam::123456789012:user/analyst-frank,eu-west-1,,0
2025-11-29T10:25:57Z,GetItem,dynamodb.amazonaws.com,172.16.0.12,arn:aws:iam::123456789012:role/ci-cd-pipeline-role,us-west-2,,0
2025-11-29T10:42:22Z,DescribeTable,dynamodb.amazonaws.com,10.0.3.19,arn:aws:iam::123456789012:user/ops-dave,us-east-1,,0
2025-11-29T10:43:27Z,GetGroup,iam.amazonaws.com,52.94.76.10,arn:aws:iam::123456789012:user/developer-carol,eu-west-1,,0
2025-11-29T11:17:25Z,GetPolicy,iam.amazonaws.com,172.16.1.7,arn:aws:iam::123456789012:role/lambda-execution-role,us-east-1,,0
2025-11-29T11:19:47Z,GetFunction,lambda.amazonaws.com,10.0.2.45,arn:aws:iam::123456789012:role/lambda-execution-role,us-east-1,,0
2025-11-29T14:44:15Z,CopyObject,s3.amazonaws.com,172.16.0.5,arn:aws:iam::123456789012:user/ops-erin,eu-west-1,,0
2025-11-29T14:52:50Z,DescribeVpcs,ec2.amazonaws.com,10.0.2.45,arn:aws:iam::123456789012:role/ecs-task-role,us-east-1,,0
2025-11-29T15:09:09Z,GetCallerIdentity,sts.amazonaws.com,192.168.1.102,arn:aws:iam::123456789012:user/developer-bob,us-east-1,,0
2025-11-29T16:11:10Z,GetGroup,iam.amazonaws.com,10.0.2.10,arn:aws:iam::123456789012:user/developer-carol,us-east-1,,0
2025-11-29T16:13:58Z,Scan,dynamodb.amazonaws.com,54.239.28.85,arn:aws:iam::123456789012:role/ecs-task-role,eu-west-1,,0
2025-11-29T16:58:55Z,GetBucketLocation,s3.amazonaws.com,54.239.28.85,arn:aws:iam::123456789012:role/ci-cd-pipeline-role,ap-southeast-1,,0
2025-11-29T17:26:34Z,ListMetrics,cloudwatch.amazonaws.com,172.16.1.7,arn:aws:iam::123456789012:user/ops-dave,ap-southeast-1,,0
2025-11-29T17:50:10Z,ListBuckets,s3.amazonaws.com,54.239.28.85,arn:aws:iam::123456789012:role/ci-cd-pipeline-role,ap-southeast-1,,0
2025-11-29T17:56:22Z,GetFunction,lambda.amazonaws.com,10.0.3.19,arn:aws:iam::123456789012:role/ecs-task-role,ap-southeast-1,,0
2025-11-29T17:56:36Z,PutObject,s3.amazonaws.com,10.0.2.10,arn:aws:iam::123456789012:user/ops-dave,us-east-1,,0
2025-11-30T10:14:22Z,ListPolicies,iam.amazonaws.com,192.168.1.101,arn:aws:iam::123456789012:user/ops-erin,ap-southeast-1,,0
2025-11-30T10:30:04Z,DescribeVpcs,ec2.amazonaws.com,52.94.76.10,arn:aws:iam::123456789012:user/analyst-frank,eu-west-1,,0
2025-11-30T10:30:08Z,ListMetrics,cloudwatch.amazonaws.com,54.239.28.85,arn:aws:iam::123456789012:role/ci-cd-pipeline-role,us-west-2,,0
2025-11-30T11:38:51Z,PutObject,s3.amazonaws.com,10.0.2.45,arn:aws:iam::123456789012:user/ops-erin,eu-west-1,,0
2025-11-30T11:46:01Z,ListMetrics,cloudwatch.amazonaws.com,10.0.2.45,arn:aws:iam::123456789012:user/ops-erin,ap-southeast-1,,0
2025-11-30T11:54:36Z,PutItem,dynamodb.amazonaws.com,192.168.1.101,arn:aws:iam::123456789012:user/ops-dave,us-west-2,,0
2025-11-30T13:12:09Z,GetCallerIdentity,sts.amazonaws.com,192.168.1.102,arn:aws:iam::123456789012:user/developer-alice,ap-southeast-1,,0
2025-11-30T13:41:26Z,GetCallerIdentity,sts.amazonaws.com,192.168.1.101,arn:aws:iam::123456789012:user/developer-alice,ap-southeast-1,,0
2025-11-30T13:47:53Z,GetMetricData,cloudwatch.amazonaws.com,10.0.2.45,arn:aws:iam::123456789012:user/developer-alice,ap-southeast-1,,0
2025-11-30T14:16:37Z,DescribeSubnets,ec2.amazonaws.com,192.168.1.101,arn:aws:iam::123456789012:user/developer-bob,ap-southeast-1,,0
2025-11-30T15:37:06Z,HeadObject,s3.amazonaws.com,52.94.76.10,arn:aws:iam::123456789012:user/analyst-frank,eu-west-1,,0
2025-11-30T15:47:02Z,GetCallerIdentity,sts.amazonaws.com,10.0.3.8,arn:aws:iam::123456789012:user/ops-dave,ap-southeast-1,,0
2025-11-30T15:54:22Z,GetFunction,lambda.amazonaws.com,10.0.2.10,arn:aws:iam::123456789012:role/ecs-task-role,eu-west-1,,0
2025-11-30T16:11:55Z,Invoke,lambda.amazonaws.com,172.16.0.12,arn:aws:iam::123456789012:user/analyst-frank,eu-west-1,,0
2025-11-30T17:19:54Z,GetGroup,iam.amazonaws.com,52.94.76.10,arn:aws:iam::123456789012:role/ci-cd-pipeline-role,us-west-2,,0
2025-11-30T17:25:40Z,CopyObject,s3.amazonaws.com,10.0.1.15,arn:aws:iam::123456789012:user/ops-dave,eu-west-1,,0
